pdb,res_id,residue,DiscoTope-3.0_score,rsa,pLDDTs,length,alphafold_struc_flag
7lkh,53,G,0.04832,1.30833,47.17,516,1
7lkh,54,P,0.04014,0.26530,42.35,516,1
7lkh,55,V,0.04250,0.43499,41.18,516,1
7lkh,56,E,0.10191,0.77296,44.61,516,1
7lkh,57,F,0.03473,0.06653,40.97,516,1
7lkh,58,S,0.09295,0.78438,46.09,516,1
7lkh,59,T,0.05724,0.80142,49.0,516,1
7lkh,60,P,0.02606,0.09941,44.2,516,1
7lkh,61,V,0.05023,0.74522,42.5,516,1
7lkh,62,K,0.03749,0.32549,42.2,516,1
7lkh,63,D,0.04642,0.34359,42.27,516,1
7lkh,64,Y,0.03449,0.19165,39.74,516,1
7lkh,65,F,0.11185,0.44047,39.67,516,1
7lkh,66,P,0.04599,0.28885,38.23,516,1
7lkh,67,P,0.13591,0.72072,35.07,516,1
7lkh,68,S,0.04093,0.06441,37.35,516,1
7lkh,69,P,0.08382,0.65809,36.39,516,1
7lkh,70,D,0.04210,0.42865,41.6,516,1
7lkh,71,V,0.14611,0.79814,42.92,516,1
7lkh,72,V,0.07951,0.90583,43.26,516,1
7lkh,81,R,0.11563,0.45965,41.63,516,1
7lkh,82,P,0.07372,0.69189,39.9,516,1
7lkh,83,D,0.07140,0.41912,35.18,516,1
7lkh,84,W,0.04391,0.20184,34.88,516,1
7lkh,85,Y,0.02253,0.01761,36.58,516,1
7lkh,86,V,0.02492,0.65784,35.22,516,1
7lkh,87,G,0.05706,0.44021,35.71,516,1
7lkh,88,A,0.08565,0.59131,32.33,516,1
7lkh,89,P,0.02466,0.10611,30.62,516,1
7lkh,90,V,0.05298,0.14368,30.31,516,1
7lkh,91,A,0.01377,0.00128,30.53,516,1
7lkh,92,Y,0.01309,0.01943,31.78,516,1
7lkh,93,I,0.01095,0.00640,32.59,516,1
7lkh,94,Q,0.02318,0.00997,36.34,516,1
7lkh,95,Q,0.01672,0.01470,33.83,516,1
7lkh,96,I,0.00529,0.00000,34.67,516,1
7lkh,97,F,0.02955,0.02293,36.72,516,1
7lkh,98,V,0.00779,0.00000,36.04,516,1
7lkh,99,K,0.04628,0.08872,39.23,516,1
7lkh,100,A,0.00655,0.00128,42.79,516,1
7lkh,101,T,0.04039,0.01101,50.3,516,1
7lkh,102,V,0.04123,0.02374,56.35,516,1
7lkh,103,S,0.07698,0.24446,56.84,516,1
7lkh,104,P,0.09817,0.40246,61.69,516,1
7lkh,105,W,0.13939,0.27468,66.04,516,1
7lkh,106,Q,0.20270,0.43201,66.62,516,1
7lkh,107,K,0.30074,0.91610,69.61,516,1
7lkh,108,N,0.16276,0.85325,70.21,516,1
7lkh,109,F,0.12541,0.14519,65.65,516,1
7lkh,110,L,0.20876,0.40025,65.53,516,1
7lkh,111,A,0.20441,0.35764,60.55,516,1
7lkh,112,V,0.06001,0.06760,59.18,516,1
7lkh,113,D,0.06296,0.02163,60.97,516,1
7lkh,114,V,0.07569,0.07625,57.75,516,1
7lkh,115,F,0.02296,0.00318,52.84,516,1
7lkh,116,R,0.06115,0.00779,55.0,516,1
7lkh,117,S,0.02986,0.00817,54.56,516,1
7lkh,118,P,0.01273,0.00000,49.73,516,1
7lkh,119,L,0.02120,0.00308,45.51,516,1
7lkh,120,S,0.03985,0.03158,48.04,516,1
7lkh,121,R,0.14930,0.26607,47.53,516,1
7lkh,122,V,0.01689,0.00095,40.03,516,1
7lkh,123,F,0.06241,0.12167,42.65,516,1
7lkh,124,Q,0.22802,0.58444,43.42,516,1
7lkh,125,L,0.03130,0.02733,38.21,516,1
7lkh,126,V,0.00902,0.03142,39.15,516,1
7lkh,127,E,0.13558,0.45815,42.75,516,1
7lkh,128,E,0.09015,0.21841,41.76,516,1
7lkh,129,I,0.02006,0.00417,37.46,516,1
7lkh,130,R,0.05025,0.28693,40.38,516,1
7lkh,131,N,0.12526,0.65458,42.57,516,1
7lkh,132,H,0.05523,0.02624,42.0,516,1
7lkh,133,A,0.09206,0.46705,45.54,516,1
7lkh,134,L,0.03955,0.03182,45.75,516,1
7lkh,135,R,0.08910,0.17853,48.19,516,1
7lkh,136,D,0.06457,0.03064,51.46,516,1
7lkh,137,S,0.05377,0.07650,49.9,516,1
7lkh,138,S,0.04964,0.10763,52.71,516,1
7lkh,139,G,0.12009,0.74434,49.6,516,1
7lkh,140,V,0.03856,0.03933,46.32,516,1
7lkh,141,K,0.10479,0.53932,47.18,516,1
7lkh,142,S,0.12355,0.21029,44.62,516,1
7lkh,143,L,0.01633,0.00330,40.72,516,1
7lkh,144,E,0.11450,0.47690,43.32,516,1
7lkh,145,E,0.08099,0.42258,43.4,516,1
7lkh,146,V,0.02061,0.01927,41.11,516,1
7lkh,147,C,0.01885,0.04812,39.05,516,1
7lkh,148,L,0.03140,0.07996,36.92,516,1
7lkh,149,Q,0.07581,0.52918,37.56,516,1
7lkh,150,V,0.05346,0.09239,41.82,516,1
7lkh,151,T,0.11414,0.69947,44.4,516,1
7lkh,152,D,0.14933,0.55812,41.77,516,1
7lkh,153,L,0.08184,0.07290,42.96,516,1
7lkh,154,L,0.14091,0.40058,46.18,516,1
7lkh,155,P,0.18233,0.93863,50.98,516,1
7lkh,156,G,0.19291,0.57155,50.41,516,1
7lkh,157,L,0.10649,0.36595,48.04,516,1
7lkh,158,K,0.20750,0.56487,48.76,516,1
7lkh,159,K,0.32083,0.77724,49.17,516,1
7lkh,160,L,0.09309,0.08656,44.57,516,1
7lkh,161,R,0.18219,0.47854,47.86,516,1
7lkh,162,N,0.07530,0.50824,46.36,516,1
7lkh,163,L,0.08195,0.17401,42.86,516,1
7lkh,164,L,0.03686,0.04520,40.4,516,1
7lkh,165,P,0.02358,0.18192,40.12,516,1
7lkh,166,E,0.07241,0.31077,46.04,516,1
7lkh,167,H,0.07972,0.73055,46.07,516,1
7lkh,168,G,0.04037,0.31623,41.29,516,1
7lkh,169,C,0.02971,0.10543,43.87,516,1
7lkh,170,L,0.02014,0.02803,38.45,516,1
7lkh,171,L,0.03873,0.06796,37.93,516,1
7lkh,172,L,0.01806,0.00968,36.48,516,1
7lkh,173,S,0.02060,0.01660,35.03,516,1
7lkh,174,P,0.01278,0.00099,34.73,516,1
7lkh,175,G,0.01901,0.00322,37.96,516,1
7lkh,176,N,0.04517,0.06201,37.43,516,1
7lkh,177,F,0.04816,0.05599,39.48,516,1
7lkh,178,W,0.04463,0.01437,44.18,516,1
7lkh,179,Q,0.09606,0.32904,44.81,516,1
7lkh,180,N,0.07713,0.41431,42.63,516,1
7lkh,181,D,0.18973,0.37797,47.76,516,1
7lkh,182,R,0.12233,0.35349,47.52,516,1
7lkh,183,E,0.21235,0.68688,50.55,516,1
7lkh,184,R,0.15571,0.47628,48.71,516,1
7lkh,185,F,0.01908,0.00127,47.91,516,1
7lkh,186,N,0.15757,0.35847,49.01,516,1
7lkh,187,A,0.20821,0.72237,51.98,516,1
7lkh,188,D,0.16799,0.09825,54.77,516,1
7lkh,189,P,0.22601,0.51541,60.51,516,1
7lkh,190,D,0.21014,0.27602,58.63,516,1
7lkh,191,I,0.04951,0.00973,51.36,516,1
7lkh,192,I,0.22333,0.21519,50.81,516,1
7lkh,193,K,0.21253,0.70192,55.25,516,1
7lkh,194,T,0.11935,0.23333,49.17,516,1
7lkh,195,I,0.05532,0.01903,47.21,516,1
7lkh,196,H,0.16179,0.39114,51.54,516,1
7lkh,197,Q,0.31339,0.65712,54.7,516,1
7lkh,198,H,0.17824,0.43073,54.2,516,1
7lkh,199,E,0.12729,0.29559,55.76,516,1
7lkh,200,P,0.14691,0.36332,58.65,516,1
7lkh,201,K,0.36329,0.84211,65.8,516,1
7lkh,202,A,0.26983,0.90324,66.62,516,1
7lkh,203,L,0.43933,0.95615,62.51,516,1
7lkh,204,Q,0.22008,0.49796,61.2,516,1
7lkh,205,T,0.24229,0.88327,59.95,516,1
7lkh,206,S,0.12976,0.21181,55.95,516,1
7lkh,207,A,0.03517,0.03887,45.24,516,1
7lkh,208,T,0.08638,0.25029,44.58,516,1
7lkh,209,L,0.05081,0.08191,42.04,516,1
7lkh,210,K,0.06189,0.09244,41.82,516,1
7lkh,211,D,0.05926,0.17233,40.89,516,1
7lkh,212,L,0.01435,0.00792,39.78,516,1
7lkh,213,L,0.00778,0.00061,36.39,516,1
7lkh,214,F,0.02802,0.00466,35.86,516,1
7lkh,215,G,0.01151,0.01770,34.57,516,1
7lkh,216,L,0.03912,0.00391,38.02,516,1
7lkh,217,P,0.09147,0.21296,43.18,516,1
7lkh,218,G,0.10536,0.16825,42.29,516,1
7lkh,219,K,0.27040,0.78248,46.67,516,1
7lkh,220,Y,0.11394,0.34871,45.36,516,1
7lkh,221,S,0.06436,0.00208,42.11,516,1
7lkh,222,G,0.04970,0.10944,47.23,516,1
7lkh,223,V,0.03965,0.02647,46.63,516,1
7lkh,224,N,0.29230,0.40425,53.24,516,1
7lkh,225,L,0.26184,0.45997,57.81,516,1
7lkh,226,Y,0.27220,0.94201,61.21,516,1
7lkh,227,N,0.12187,0.22207,55.43,516,1
7lkh,228,R,0.34767,0.92114,59.19,516,1
7lkh,229,K,0.18371,0.59071,60.14,516,1
7lkh,230,R,0.09885,0.14807,60.54,516,1
7lkh,231,V,0.03833,0.12551,48.31,516,1
7lkh,232,V,0.01887,0.00381,44.27,516,1
7lkh,233,S,0.02123,0.02671,38.84,516,1
7lkh,234,Y,0.01327,0.00113,34.98,516,1
7lkh,235,T,0.00631,0.00070,32.94,516,1
7lkh,236,V,0.00597,0.00000,34.43,516,1
7lkh,237,T,0.01234,0.04565,36.17,516,1
7lkh,238,L,0.00713,0.00412,35.87,516,1
7lkh,239,G,0.01343,0.01335,35.73,516,1
7lkh,240,L,0.01036,0.00330,34.85,516,1
7lkh,241,Q,0.09686,0.58015,37.19,516,1
7lkh,242,R,0.11663,0.51386,39.56,516,1
7lkh,243,Y,0.05746,0.23224,38.0,516,1
7lkh,244,D,0.06816,0.19964,42.3,516,1
7lkh,245,S,0.09516,0.38708,44.27,516,1
7lkh,246,R,0.07332,0.17318,47.64,516,1
7lkh,247,F,0.01292,0.00510,43.26,516,1
7lkh,248,L,0.02117,0.07567,39.94,516,1
7lkh,249,S,0.04997,0.33408,40.65,516,1
7lkh,250,S,0.00993,0.00395,41.92,516,1
7lkh,251,L,0.00809,0.00824,39.31,516,1
7lkh,252,R,0.03744,0.13677,38.91,516,1
7lkh,253,S,0.03436,0.16848,40.91,516,1
7lkh,254,R,0.09065,0.16934,42.84,516,1
7lkh,255,L,0.01893,0.00824,38.56,516,1
7lkh,256,K,0.08643,0.30942,41.49,516,1
7lkh,257,L,0.06910,0.09249,45.55,516,1
7lkh,258,L,0.16591,0.40258,40.86,516,1
7lkh,259,H,0.10317,0.23824,39.46,516,1
7lkh,260,P,0.08058,0.54559,44.14,516,1
7lkh,261,S,0.06703,0.14234,46.67,516,1
7lkh,262,P,0.16642,0.37447,49.49,516,1
7lkh,263,N,0.12323,0.91720,59.39,516,1
7lkh,264,C,0.06268,0.30185,50.5,516,1
7lkh,265,T,0.13701,0.67740,53.17,516,1
7lkh,266,L,0.06452,0.11446,47.26,516,1
7lkh,267,R,0.15372,0.55619,50.78,516,1
7lkh,268,E,0.10414,0.46741,48.57,516,1
7lkh,269,D,0.11884,0.41209,48.06,516,1
7lkh,270,S,0.07315,0.15925,42.64,516,1
7lkh,271,I,0.01119,0.00240,37.37,516,1
7lkh,272,V,0.03718,0.04094,36.53,516,1
7lkh,273,H,0.02007,0.00341,34.18,516,1
7lkh,274,V,0.06008,0.12091,32.8,516,1
7lkh,275,H,0.06351,0.15782,35.39,516,1
7lkh,276,F,0.09211,0.17039,33.76,516,1
7lkh,277,K,0.22774,0.71973,36.67,516,1
7lkh,278,E,0.20719,0.83578,39.9,516,1
7lkh,637,T,0.13648,0.96232,69.34,516,1
7lkh,638,E,0.12126,0.55075,68.34,516,1
7lkh,639,A,0.14906,0.18466,62.58,516,1
7lkh,640,E,0.20116,0.62469,59.47,516,1
7lkh,641,V,0.07787,0.04670,47.55,516,1
7lkh,642,T,0.15956,0.58277,46.17,516,1
7lkh,643,W,0.08714,0.08828,44.22,516,1
7lkh,644,G,0.19619,0.33419,51.43,516,1
7lkh,645,A,0.25714,0.88279,54.33,516,1
7lkh,646,E,0.28675,0.52435,53.11,516,1
7lkh,647,D,0.08459,0.05463,48.5,516,1
7lkh,648,E,0.14392,0.25623,50.31,516,1
7lkh,649,E,0.11696,0.24841,44.51,516,1
7lkh,650,I,0.04695,0.03475,40.41,516,1
7lkh,651,W,0.13471,0.11050,38.36,516,1
7lkh,652,R,0.39832,0.49637,42.95,516,1
7lkh,653,K,0.31791,0.51566,42.82,516,1
7lkh,654,L,0.09459,0.08959,40.02,516,1
7lkh,655,S,0.26085,0.47955,43.12,516,1
7lkh,656,F,0.31528,0.91821,44.59,516,1
7lkh,657,R,0.11630,0.47912,46.36,516,1
7lkh,658,H,0.05087,0.02051,39.94,516,1
7lkh,659,W,0.02084,0.04446,35.47,516,1
7lkh,660,P,0.07828,0.19249,37.58,516,1
7lkh,661,S,0.13811,0.07502,40.48,516,1
7lkh,662,L,0.01932,0.00742,37.1,516,1
7lkh,663,F,0.01650,0.00000,35.36,516,1
7lkh,664,S,0.12223,0.40125,38.03,516,1
7lkh,665,Y,0.13451,0.13072,41.8,516,1
7lkh,666,Y,0.04283,0.05359,40.77,516,1
7lkh,667,N,0.14221,0.71057,42.87,516,1
7lkh,668,I,0.04932,0.24475,36.79,516,1
7lkh,669,T,0.08209,0.59851,34.46,516,1
7lkh,670,L,0.03187,0.04530,32.89,516,1
7lkh,671,A,0.04053,0.49165,35.71,516,1
7lkh,672,K,0.14192,0.81934,35.18,516,1
7lkh,673,R,0.10495,0.42862,33.25,516,1
7lkh,674,Y,0.02312,0.02406,31.38,516,1
7lkh,675,I,0.02900,0.00000,31.03,516,1
7lkh,676,S,0.00751,0.00000,30.53,516,1
7lkh,677,I,0.01301,0.01214,32.79,516,1
7lkh,678,L,0.02158,0.05198,34.68,516,1
7lkh,679,P,0.02006,0.13491,36.17,516,1
7lkh,680,A,0.03437,0.20846,36.03,516,1
7lkh,681,I,0.01222,0.00080,37.59,516,1
7lkh,682,P,0.02117,0.01193,40.14,516,1
7lkh,683,V,0.00863,0.00000,37.12,516,1
7lkh,684,T,0.01541,0.03825,41.08,516,1
7lkh,685,L,0.05611,0.07315,42.19,516,1
7lkh,686,Y,0.05664,0.47790,50.13,516,1
7lkh,687,L,0.09057,0.02660,52.55,516,1
7lkh,688,N,0.15501,0.40196,61.07,516,1
7lkh,689,P,0.12630,0.18757,62.75,516,1
7lkh,690,Q,0.20565,0.64785,63.38,516,1
7lkh,691,E,0.11475,0.24399,60.49,516,1
7lkh,692,A,0.07510,0.01636,60.04,516,1
7lkh,693,L,0.39448,0.57223,61.95,516,1
7lkh,694,E,0.24252,0.69138,63.31,516,1
7lkh,695,V,0.13401,0.11595,57.65,516,1
7lkh,696,R,0.22454,0.30978,65.79,516,1
7lkh,697,H,0.20840,0.18845,68.59,516,1
7lkh,698,P,0.27156,0.70511,72.09,516,1
7lkh,699,Q,0.30968,0.65710,73.22,516,1
7lkh,700,E,0.09764,0.04050,71.88,516,1
7lkh,701,A,0.26099,0.49992,73.04,516,1
7lkh,702,N,0.22642,0.93134,73.83,516,1
7lkh,703,R,0.28912,0.46330,70.56,516,1
7lkh,704,Y,0.11853,0.67819,68.88,516,1
7lkh,1,E,0.23888,0.97163,73.07,516,1
7lkh,2,V,0.10367,0.23094,64.33,516,1
7lkh,3,Q,0.09635,0.52110,65.62,516,1
7lkh,4,L,0.04608,0.04310,61.9,516,1
7lkh,5,Q,0.06871,0.40160,64.35,516,1
7lkh,6,Q,0.03925,0.09252,65.93,516,1
7lkh,7,S,0.09496,0.31799,68.51,516,1
7lkh,8,G,0.14429,0.63266,68.8,516,1
7lkh,9,A,0.10145,0.80046,72.11,516,1
7lkh,10,E,0.07475,0.22179,73.83,516,1
7lkh,11,L,0.06367,0.68761,77.06,516,1
7lkh,12,V,0.08630,0.19327,76.35,516,1
7lkh,13,R,0.22283,0.52997,79.89,516,1
7lkh,14,P,0.13508,0.55512,79.48,516,1
7lkh,15,G,0.09330,0.71035,75.88,516,1
7lkh,16,A,0.10988,0.33507,75.93,516,1
7lkh,17,S,0.11268,0.53274,73.92,516,1
7lkh,18,V,0.05480,0.04435,71.52,516,1
7lkh,19,K,0.07175,0.50036,66.31,516,1
7lkh,20,L,0.01090,0.00000,66.16,516,1
7lkh,21,S,0.06319,0.20525,66.99,516,1
7lkh,22,C,0.01366,0.01950,66.67,516,1
7lkh,23,T,0.09781,0.39356,65.0,516,1
7lkh,24,A,0.05921,0.08623,62.79,516,1
7lkh,25,S,0.07325,0.29011,63.98,516,1
7lkh,26,G,0.14128,0.68625,62.71,516,1
7lkh,27,F,0.13402,0.16375,60.6,516,1
7lkh,28,K,0.14061,0.66472,30.0,516,1
7lkh,29,I,0.02348,0.00720,62.83,516,1
7lkh,30,K,0.16353,0.41777,62.28,516,1
7lkh,31,D,0.29184,0.47559,60.9,516,1
7lkh,32,D,0.08733,0.03596,57.36,516,1
7lkh,33,Y,0.01584,0.00000,52.32,516,1
7lkh,34,I,0.02254,0.00720,54.77,516,1
7lkh,35,H,0.01554,0.00000,52.81,516,1
7lkh,36,W,0.01517,0.00000,58.87,516,1
7lkh,37,V,0.01535,0.00000,58.68,516,1
7lkh,38,K,0.02971,0.03965,63.72,516,1
7lkh,39,Q,0.04539,0.14833,64.45,516,1
7lkh,40,R,0.07095,0.15128,70.43,516,1
7lkh,41,P,0.17210,0.85827,74.41,516,1
7lkh,42,E,0.08698,0.97259,76.71,516,1
7lkh,43,Q,0.06834,0.43491,73.19,516,1
7lkh,44,G,0.03425,0.15967,68.64,516,1
7lkh,45,L,0.02003,0.03403,60.79,516,1
7lkh,46,E,0.07366,0.21046,60.39,516,1
7lkh,47,W,0.03320,0.01150,53.86,516,1
7lkh,48,I,0.01967,0.00240,57.86,516,1
7lkh,49,G,0.00457,0.00000,53.82,516,1
7lkh,50,R,0.03167,0.00000,53.24,516,1
7lkh,51,I,0.06626,0.03120,55.15,516,1
7lkh,52,D,0.05078,0.01009,53.95,516,1
7lkh,53,P,0.07553,0.10611,57.27,516,1
7lkh,54,A,0.15148,0.49627,56.06,516,1
7lkh,55,N,0.26297,0.60867,53.91,516,1
7lkh,56,G,0.13572,0.57014,54.86,516,1
7lkh,57,H,0.13202,0.37134,55.99,516,1
7lkh,58,T,0.11040,0.27799,54.22,516,1
7lkh,59,R,0.27346,0.30962,55.24,516,1
7lkh,60,Y,0.05211,0.20982,57.7,516,1
7lkh,61,A,0.05813,0.08318,58.09,516,1
7lkh,62,P,0.18626,0.74446,60.47,516,1
7lkh,63,K,0.09814,0.55487,62.17,516,1
7lkh,64,F,0.04016,0.03768,63.2,516,1
7lkh,65,Q,0.20433,0.55343,67.13,516,1
7lkh,66,D,0.10435,0.80230,71.45,516,1
7lkh,67,K,0.10275,0.26028,68.16,516,1
7lkh,68,A,0.03309,0.06599,64.33,516,1
7lkh,69,T,0.04202,0.42992,64.83,516,1
7lkh,70,I,0.03480,0.03134,58.97,516,1
7lkh,71,T,0.06628,0.39919,63.22,516,1
7lkh,72,A,0.05564,0.34303,63.64,516,1
7lkh,73,D,0.09704,0.34705,67.15,516,1
7lkh,74,T,0.08533,0.37040,65.75,516,1
7lkh,75,S,0.11158,0.83432,67.06,516,1
7lkh,76,S,0.08990,0.38335,65.88,516,1
7lkh,77,N,0.04256,0.27965,64.6,516,1
7lkh,78,T,0.03085,0.03291,65.56,516,1
7lkh,79,A,0.01259,0.00620,63.62,516,1
7lkh,80,Y,0.04958,0.24419,65.14,516,1
7lkh,81,L,0.00889,0.00000,63.95,516,1
7lkh,82,Q,0.05409,0.32653,67.58,516,1
7lkh,83,L,0.04119,0.01731,69.34,516,1
7lkh,84,S,0.03720,0.27692,73.81,516,1
7lkh,85,S,0.05810,0.57300,76.35,516,1
7lkh,86,L,0.02771,0.04204,75.21,516,1
7lkh,87,T,0.08439,0.41765,74.34,516,1
7lkh,88,S,0.07704,0.61697,73.88,516,1
7lkh,89,E,0.11233,0.50826,72.3,516,1
7lkh,90,D,0.02584,0.02231,71.5,516,1
7lkh,91,T,0.06485,0.39944,74.15,516,1
7lkh,92,A,0.01944,0.09753,68.24,516,1
7lkh,93,V,0.04178,0.27991,63.93,516,1
7lkh,94,Y,0.02398,0.00761,62.29,516,1
7lkh,95,Y,0.02645,0.02037,60.43,516,1
7lkh,96,C,0.00764,0.00000,59.32,516,1
7lkh,97,T,0.02484,0.00000,55.6,516,1
7lkh,98,R,0.10761,0.06556,53.27,516,1
7lkh,99,Y,0.02001,0.00000,49.36,516,1
7lkh,100,N,0.27655,0.49897,49.66,516,1
7lkh,101,D,0.03064,0.13125,47.47,516,1
7lkh,102,Y,0.04432,0.05401,46.43,516,1
7lkh,103,D,0.04089,0.01104,44.97,516,1
7lkh,104,A,0.04024,0.00793,49.45,516,1
7lkh,105,F,0.01550,0.00446,46.97,516,1
7lkh,106,Y,0.02157,0.12768,52.01,516,1
7lkh,107,F,0.01765,0.00000,51.18,516,1
7lkh,108,D,0.10041,0.06699,54.63,516,1
7lkh,109,Y,0.21456,0.41857,56.71,516,1
7lkh,110,W,0.04499,0.12531,54.64,516,1
7lkh,111,G,0.01562,0.03614,59.79,516,1
7lkh,112,Q,0.05411,0.47846,64.55,516,1
7lkh,113,G,0.04681,0.18819,64.68,516,1
7lkh,114,T,0.02442,0.01215,66.96,516,1
7lkh,115,T,0.04755,0.50005,68.38,516,1
7lkh,116,L,0.03790,0.02260,71.9,516,1
7lkh,117,T,0.04218,0.38878,77.81,516,1
7lkh,118,V,0.03816,0.07278,76.76,516,1
7lkh,119,S,0.06836,0.36364,80.67,516,1
7lkh,120,S,0.15604,0.55313,82.07,516,1
7lkh,121,A,0.09867,1.11331,83.09,516,1
7lkh,1,D,0.13831,0.84015,69.57,516,1
7lkh,2,I,0.06685,0.07809,66.13,516,1
7lkh,3,Q,0.07152,0.60920,68.3,516,1
7lkh,4,M,0.03594,0.07094,64.88,516,1
7lkh,5,T,0.05132,0.56375,68.34,516,1
7lkh,6,Q,0.04852,0.12079,70.16,516,1
7lkh,7,T,0.17184,0.79649,78.98,516,1
7lkh,8,T,0.14306,0.36113,80.56,516,1
7lkh,9,S,0.12030,0.67836,79.87,516,1
7lkh,10,S,0.05977,0.41183,82.32,516,1
7lkh,11,L,0.04792,0.22752,82.69,516,1
7lkh,12,S,0.06539,0.44855,86.81,516,1
7lkh,13,A,0.01208,0.01786,87.26,516,1
7lkh,14,S,0.13206,0.43239,86.36,516,1
7lkh,15,L,0.14039,0.66329,85.96,516,1
7lkh,16,G,0.05826,0.67410,85.27,516,1
7lkh,17,D,0.21512,0.35698,87.48,516,1
7lkh,18,R,0.10777,0.67898,83.99,516,1
7lkh,19,V,0.02107,0.02951,81.45,516,1
7lkh,20,T,0.07520,0.48126,76.63,516,1
7lkh,21,I,0.01548,0.00320,73.38,516,1
7lkh,22,S,0.07391,0.27319,71.87,516,1
7lkh,23,C,0.01905,0.00322,68.61,516,1
7lkh,24,R,0.17351,0.44898,68.5,516,1
7lkh,25,A,0.05385,0.02637,67.88,516,1
7lkh,26,S,0.22942,0.45740,71.5,516,1
7lkh,27,Q,0.41247,0.52997,70.71,516,1
7lkh,28,D,0.21134,0.51651,66.71,516,1
7lkh,29,I,0.02206,0.00000,61.07,516,1
7lkh,30,R,0.34207,0.50129,56.03,516,1
7lkh,31,N,0.09984,0.32443,57.22,516,1
7lkh,32,Y,0.03741,0.03970,53.41,516,1
7lkh,33,L,0.03323,0.00989,58.83,516,1
7lkh,34,N,0.01877,0.00891,56.84,516,1
7lkh,35,W,0.04951,0.01748,62.32,516,1
7lkh,36,Y,0.02905,0.00061,58.08,516,1
7lkh,37,Q,0.02801,0.01252,67.35,516,1
7lkh,38,Q,0.07242,0.08306,67.5,516,1
7lkh,39,K,0.09284,0.32830,73.28,516,1
7lkh,40,P,0.08976,0.88219,74.84,516,1
7lkh,41,D,0.12202,0.73147,75.8,516,1
7lkh,42,G,0.02466,0.17865,71.98,516,1
7lkh,43,T,0.05592,0.36091,68.66,516,1
7lkh,44,V,0.02330,0.08902,61.99,516,1
7lkh,45,K,0.09945,0.40508,62.84,516,1
7lkh,46,L,0.00856,0.00071,57.36,516,1
7lkh,47,L,0.01509,0.00000,63.89,516,1
7lkh,48,I,0.01963,0.00000,61.24,516,1
7lkh,49,Y,0.03742,0.16730,58.11,516,1
7lkh,50,Y,0.04513,0.09209,57.17,516,1
7lkh,51,T,0.04437,0.11054,58.93,516,1
7lkh,52,S,0.09548,0.56543,60.23,516,1
7lkh,53,R,0.07610,0.28406,56.45,516,1
7lkh,54,L,0.06800,0.40683,61.52,516,1
7lkh,55,H,0.06896,0.19755,63.03,516,1
7lkh,56,S,0.09417,0.78726,64.24,516,1
7lkh,57,G,0.12083,0.95516,65.85,516,1
7lkh,58,V,0.06981,0.09189,66.92,516,1
7lkh,59,P,0.17361,0.39138,72.52,516,1
7lkh,60,S,0.15049,0.79213,74.8,516,1
7lkh,61,R,0.17985,0.18254,78.25,516,1
7lkh,62,F,0.03371,0.04649,71.84,516,1
7lkh,63,S,0.08220,0.38898,70.96,516,1
7lkh,64,G,0.06854,0.13862,65.64,516,1
7lkh,65,S,0.21649,0.46082,65.39,516,1
7lkh,66,G,0.08554,0.38661,64.43,516,1
7lkh,67,S,0.12973,0.55549,65.7,516,1
7lkh,68,G,0.13180,0.56964,65.84,516,1
7lkh,69,T,0.13123,0.27917,68.49,516,1
7lkh,70,D,0.13048,0.36778,66.69,516,1
7lkh,71,Y,0.04100,0.00838,63.41,516,1
7lkh,72,S,0.10650,0.14856,68.06,516,1
7lkh,73,L,0.01550,0.00000,69.53,516,1
7lkh,74,T,0.04705,0.10769,76.19,516,1
7lkh,75,I,0.01355,0.00000,78.25,516,1
7lkh,76,S,0.09578,0.40134,83.2,516,1
7lkh,77,N,0.08268,0.48845,86.57,516,1
7lkh,78,L,0.02857,0.02011,85.96,516,1
7lkh,79,E,0.08732,0.46419,86.09,516,1
7lkh,80,Q,0.14606,0.60586,86.23,516,1
7lkh,81,E,0.15914,0.42725,85.84,516,1
7lkh,82,D,0.02891,0.00123,82.78,516,1
7lkh,83,I,0.07410,0.27028,82.86,516,1
7lkh,84,A,0.01638,0.04591,74.4,516,1
7lkh,85,T,0.04839,0.17134,71.23,516,1
7lkh,86,Y,0.01727,0.00000,69.72,516,1
7lkh,87,F,0.03165,0.04268,63.38,516,1
7lkh,88,C,0.00750,0.00000,62.12,516,1
7lkh,89,Q,0.01640,0.00000,55.58,516,1
7lkh,90,Q,0.04137,0.00059,57.03,516,1
7lkh,91,T,0.01979,0.00217,52.49,516,1
7lkh,92,N,0.14707,0.13253,54.31,516,1
7lkh,93,T,0.11986,0.36308,57.34,516,1
7lkh,94,L,0.09455,0.30799,55.62,516,1
7lkh,95,P,0.04698,0.16696,55.0,516,1
7lkh,96,W,0.04929,0.01716,52.57,516,1
7lkh,97,T,0.04096,0.21041,57.74,516,1
7lkh,98,F,0.03540,0.09841,57.76,516,1
7lkh,99,G,0.02972,0.00941,64.11,516,1
7lkh,100,G,0.03988,0.50423,65.31,516,1
7lkh,101,G,0.03452,0.20534,69.5,516,1
7lkh,102,T,0.00945,0.00072,74.41,516,1
7lkh,103,K,0.04725,0.52613,78.1,516,1
7lkh,104,V,0.00569,0.00000,79.45,516,1
7lkh,105,E,0.08474,0.34412,85.21,516,1
7lkh,106,I,0.09188,0.52775,87.4,516,1
7lkh,107,K,0.19131,0.67861,89.7,516,1
7lkh,108,R,0.11208,0.82257,100.26,516,1
7lkh,109,T,0.08368,1.19050,103.18,516,1
